concept_id,canonical_label_en,domain,language,language_name,lemma,brief_description,near_synonyms_seed,antonyms_seed,forms_seed,context_examples_seed,operator_tags,semantic_mass_seed,phase_seed_rad,grammar_case_marking,grammar_fixed_word_order,grammar_gender_marking,grammar_article_system,grammar_aspect_marking,grammar_preposition_load,grammar_inflection_load,grammar_topic_focus_particles
concept:water,water,elemental,pl,Polish,woda,płynna substancja podstawowa dla życia i przepływu,płyn | ciecz,ogień | susza,woda | woda jako hasło | woda w kontekście,Woda tworzy lokalny atraktor sensu.,inside | contains | flow | with | without,0.5938,0.0,0.95,0.35,0.85,0.05,0.9,0.7,0.9,0.2
concept:water,water,elemental,en,English,water,a liquid substance central to life and flow,liquid | fluid,fire | dryness,water | waters | water as concept,Water forms a local semantic attractor.,inside | contains | flow | with | without,0.5938,0.0,0.15,0.9,0.15,0.85,0.55,0.85,0.25,0.2
concept:water,water,elemental,de,German,Wasser,"flüssige Substanz, zentral für Leben und Fluss",Flüssigkeit,Feuer | Trockenheit,Wasser | Wasser als Begriff | Wasser im Kontext,Wasser bildet einen lokalen Bedeutungsattraktor.,inside | contains | flow | with | without,0.5938,0.0,0.65,0.55,0.85,0.85,0.4,0.75,0.7,0.25
concept:water,water,elemental,fr,French,eau,substance liquide centrale pour la vie et le flux,liquide,feu | sécheresse,eau | eau comme concept | eau en contexte,Eau forme un attracteur sémantique local.,inside | contains | flow | with | without,0.5938,0.0,0.05,0.75,0.75,0.9,0.45,0.8,0.55,0.25
concept:water,water,elemental,es,Spanish,agua,sustancia líquida central para la vida y el flujo,líquido | fluido,fuego | sequedad,agua | agua como concepto | agua en contexto,Agua forma un atractor semántico local.,inside | contains | flow | with | without,0.5938,0.0,0.1,0.6,0.8,0.85,0.75,0.75,0.7,0.25
concept:fire,fire,elemental,pl,Polish,ogień,"zjawisko spalania, ciepła, światła i przemiany",płomień | żar,woda | zimno,ogień | ogień jako hasło | ogień w kontekście,Ogień tworzy lokalny atraktor sensu.,transforms | destroys | creates | because,0.6375,0.174533,0.95,0.35,0.85,0.05,0.9,0.7,0.9,0.2
concept:fire,fire,elemental,en,English,fire,"combustion, heat, light and transformation",flame | blaze,water | cold,fire | fires | fire as concept,Fire forms a local semantic attractor.,transforms | destroys | creates | because,0.6375,0.174533,0.15,0.9,0.15,0.85,0.55,0.85,0.25,0.2
concept:fire,fire,elemental,de,German,Feuer,"Verbrennung, Wärme, Licht und Verwandlung",Flamme | Brand,Wasser | Kälte,Feuer | Feuer als Begriff | Feuer im Kontext,Feuer bildet einen lokalen Bedeutungsattraktor.,transforms | destroys | creates | because,0.6375,0.174533,0.65,0.55,0.85,0.85,0.4,0.75,0.7,0.25
concept:fire,fire,elemental,fr,French,feu,"combustion, chaleur, lumière et transformation",flamme | brasier,eau | froid,feu | feu comme concept | feu en contexte,Feu forme un attracteur sémantique local.,transforms | destroys | creates | because,0.6375,0.174533,0.05,0.75,0.75,0.9,0.45,0.8,0.55,0.25
concept:fire,fire,elemental,es,Spanish,fuego,"combustión, calor, luz y transformación",llama | incendio,agua | frío,fuego | fuego como concepto | fuego en contexto,Fuego forma un atractor semántico local.,transforms | destroys | creates | because,0.6375,0.174533,0.1,0.6,0.8,0.85,0.75,0.75,0.7,0.25
concept:earth,earth,elemental,pl,Polish,ziemia,"grunt, materia i stabilny fundament przestrzeni życia",grunt | gleba,niebo | powietrze,ziemia | ziemia jako hasło | ziemia w kontekście,Ziemia tworzy lokalny atraktor sensu.,under | on | contains,0.6813,0.349066,0.95,0.35,0.85,0.05,0.9,0.7,0.9,0.2
concept:earth,earth,elemental,en,English,earth,"ground, matter, and a stable base for life",ground | soil,sky | air,earth | earths | earth as concept,Earth forms a local semantic attractor.,under | on | contains,0.6813,0.349066,0.15,0.9,0.15,0.85,0.55,0.85,0.25,0.2
concept:earth,earth,elemental,de,German,Erde,"Boden, Materie und stabile Lebensgrundlage",Boden | Erdboden,Himmel | Luft,Erde | Erde als Begriff | Erde im Kontext,Erde bildet einen lokalen Bedeutungsattraktor.,under | on | contains,0.6813,0.349066,0.65,0.55,0.85,0.85,0.4,0.75,0.7,0.25
concept:earth,earth,elemental,fr,French,terre,"sol, matière et base stable de la vie",sol | terreau,ciel | air,terre | terre comme concept | terre en contexte,Terre forme un attracteur sémantique local.,under | on | contains,0.6813,0.349066,0.05,0.75,0.75,0.9,0.45,0.8,0.55,0.25
concept:earth,earth,elemental,es,Spanish,tierra,"suelo, materia y base estable de la vida",suelo | terreno,cielo | aire,tierra | tierra como concepto | tierra en contexto,Tierra forma un atractor semántico local.,under | on | contains,0.6813,0.349066,0.1,0.6,0.8,0.85,0.75,0.75,0.7,0.25
concept:air,air,elemental,pl,Polish,powietrze,"gazowe medium oddychania, ruchu i otwartej przestrzeni",atmosfera | tchnienie,próżnia | ziemia,powietrze | powietrze jako hasło | powietrze w kontekście,Powietrze tworzy lokalny atraktor sensu.,through | inside | outside,0.725,0.523599,0.95,0.35,0.85,0.05,0.9,0.7,0.9,0.2
concept:air,air,elemental,en,English,air,"gaseous medium of breathing, motion and open space",atmosphere | breath,vacuum | earth,air | airs | air as concept,Air forms a local semantic attractor.,through | inside | outside,0.725,0.523599,0.15,0.9,0.15,0.85,0.55,0.85,0.25,0.2
concept:air,air,elemental,de,German,Luft,"gasförmiges Medium für Atmung, Bewegung und offenen Raum",Atmosphäre | Atem,Vakuum | Erde,Luft | Luft als Begriff | Luft im Kontext,Luft bildet einen lokalen Bedeutungsattraktor.,through | inside | outside,0.725,0.523599,0.65,0.55,0.85,0.85,0.4,0.75,0.7,0.25
concept:air,air,elemental,fr,French,air,"milieu gazeux de respiration, mouvement et espace ouvert",atmosphère | souffle,vide | terre,air | air comme concept | air en contexte,Air forme un attracteur sémantique local.,through | inside | outside,0.725,0.523599,0.05,0.75,0.75,0.9,0.45,0.8,0.55,0.25
concept:air,air,elemental,es,Spanish,aire,"medio gaseoso de respiración, movimiento y espacio abierto",atmósfera | aliento,vacío | tierra,aire | aire como concepto | aire en contexto,Aire forma un atractor semántico local.,through | inside | outside,0.725,0.523599,0.1,0.6,0.8,0.85,0.75,0.75,0.7,0.25
concept:light,light,perception,pl,Polish,światło,"zjawisko widzialności, energii i odsłaniania",blask | jasność,ciemność | mrok,światło | światło jako hasło | światło w kontekście,Światło tworzy lokalny atraktor sensu.,reveals | through | before,0.7688,0.698132,0.95,0.35,0.85,0.05,0.9,0.7,0.9,0.2
concept:light,light,perception,en,English,light,"visibility, energy, and revealing",brightness | illumination,darkness | shadow,light | lights | light as concept,Light forms a local semantic attractor.,reveals | through | before,0.7688,0.698132,0.15,0.9,0.15,0.85,0.55,0.85,0.25,0.2
concept:light,light,perception,de,German,Licht,"Sichtbarkeit, Energie und Enthüllung",Helligkeit | Glanz,Dunkelheit | Schatten,Licht | Licht als Begriff | Licht im Kontext,Licht bildet einen lokalen Bedeutungsattraktor.,reveals | through | before,0.7688,0.698132,0.65,0.55,0.85,0.85,0.4,0.75,0.7,0.25
concept:light,light,perception,fr,French,lumière,"visibilité, énergie et révélation",clarté | éclat,obscurité | ombre,lumière | lumière comme concept | lumière en contexte,Lumière forme un attracteur sémantique local.,reveals | through | before,0.7688,0.698132,0.05,0.75,0.75,0.9,0.45,0.8,0.55,0.25
concept:light,light,perception,es,Spanish,luz,"visibilidad, energía y revelación",claridad | brillo,oscuridad | sombra,luz | luz como concepto | luz en contexto,Luz forma un atractor semántico local.,reveals | through | before,0.7688,0.698132,0.1,0.6,0.8,0.85,0.75,0.75,0.7,0.25
concept:dark,darkness,perception,pl,Polish,ciemność,"brak światła, zasłonięcie lub pole niepewności",mrok | cień,światło | jasność,ciemność | ciemność jako hasło | ciemność w kontekście,Ciemność tworzy lokalny atraktor sensu.,hides | not | inside,0.8125,0.872665,0.95,0.35,0.85,0.05,0.9,0.7,0.9,0.2
concept:dark,darkness,perception,en,English,darkness,"absence of light, concealment or uncertainty field",shadow | gloom,light | brightness,darkness | darknesss | darkness as concept,Darkness forms a local semantic attractor.,hides | not | inside,0.8125,0.872665,0.15,0.9,0.15,0.85,0.55,0.85,0.25,0.2
concept:dark,darkness,perception,de,German,Dunkelheit,"Abwesenheit von Licht, Verhüllung oder Unsicherheit",Schatten | Finsternis,Licht | Helligkeit,Dunkelheit | Dunkelheit als Begriff | Dunkelheit im Kontext,Dunkelheit bildet einen lokalen Bedeutungsattraktor.,hides | not | inside,0.8125,0.872665,0.65,0.55,0.85,0.85,0.4,0.75,0.7,0.25
concept:dark,darkness,perception,fr,French,obscurité,"absence de lumière, dissimulation ou incertitude",ombre | ténèbres,lumière | clarté,obscurité | obscurité comme concept | obscurité en contexte,Obscurité forme un attracteur sémantique local.,hides | not | inside,0.8125,0.872665,0.05,0.75,0.75,0.9,0.45,0.8,0.55,0.25
concept:dark,darkness,perception,es,Spanish,oscuridad,"ausencia de luz, ocultamiento o incertidumbre",sombra | tiniebla,luz | claridad,oscuridad | oscuridad como concepto | oscuridad en contexto,Oscuridad forma un atractor semántico local.,hides | not | inside,0.8125,0.872665,0.1,0.6,0.8,0.85,0.75,0.75,0.7,0.25
concept:life,life,biological,pl,Polish,życie,"proces organizacji, wzrostu, przetrwania i relacji",istnienie | żywot,śmierć | martwota,życie | życie jako hasło | życie w kontekście,Życie tworzy lokalny atraktor sensu.,be | with | before | after,0.8562,1.047198,0.95,0.35,0.85,0.05,0.9,0.7,0.9,0.2
concept:life,life,biological,en,English,life,"process of organization, growth, survival and relation",existence | living,death | lifelessness,life | life | life as concept,Life forms a local semantic attractor.,be | with | before | after,0.8562,1.047198,0.15,0.9,0.15,0.85,0.55,0.85,0.25,0.2
concept:life,life,biological,de,German,Leben,"Prozess von Organisation, Wachstum, Überleben und Beziehung",Existenz | Lebendigkeit,Tod | Leblosigkeit,Leben | Leben als Begriff | Leben im Kontext,Leben bildet einen lokalen Bedeutungsattraktor.,be | with | before | after,0.8562,1.047198,0.65,0.55,0.85,0.85,0.4,0.75,0.7,0.25
concept:life,life,biological,fr,French,vie,"processus d’organisation, croissance, survie et relation",existence | vivant,mort | inertie,vie | vie comme concept | vie en contexte,Vie forme un attracteur sémantique local.,be | with | before | after,0.8562,1.047198,0.05,0.75,0.75,0.9,0.45,0.8,0.55,0.25
concept:life,life,biological,es,Spanish,vida,"proceso de organización, crecimiento, supervivencia y relación",existencia | vivencia,muerte | inercia,vida | vida como concepto | vida en contexto,Vida forma un atractor semántico local.,be | with | before | after,0.8562,1.047198,0.1,0.6,0.8,0.85,0.75,0.75,0.7,0.25
concept:death,death,biological,pl,Polish,śmierć,zakończenie życia lub granica procesu żywego,zgon | koniec,życie | narodziny,śmierć | śmierć jako hasło | śmierć w kontekście,Śmierć tworzy lokalny atraktor sensu.,after | not | without,0.9,1.22173,0.95,0.35,0.85,0.05,0.9,0.7,0.9,0.2
concept:death,death,biological,en,English,death,ending of life or boundary of living process,end | demise,life | birth,death | death | death as concept,Death forms a local semantic attractor.,after | not | without,0.9,1.22173,0.15,0.9,0.15,0.85,0.55,0.85,0.25,0.2
concept:death,death,biological,de,German,Tod,Ende des Lebens oder Grenze lebendiger Prozesse,Ende | Sterben,Leben | Geburt,Tod | Tod als Begriff | Tod im Kontext,Tod bildet einen lokalen Bedeutungsattraktor.,after | not | without,0.9,1.22173,0.65,0.55,0.85,0.85,0.4,0.75,0.7,0.25
concept:death,death,biological,fr,French,mort,fin de la vie ou limite du processus vivant,fin | décès,vie | naissance,mort | mort comme concept | mort en contexte,Mort forme un attracteur sémantique local.,after | not | without,0.9,1.22173,0.05,0.75,0.75,0.9,0.45,0.8,0.55,0.25
concept:death,death,biological,es,Spanish,muerte,fin de la vida o límite del proceso vivo,fin | fallecimiento,vida | nacimiento,muerte | muerte como concepto | muerte en contexto,Muerte forma un atractor semántico local.,after | not | without,0.9,1.22173,0.1,0.6,0.8,0.85,0.75,0.75,0.7,0.25
concept:body,body,embodiment,pl,Polish,ciało,materialna forma organizmu lub nośnik działania,organizm | postać,umysł | duch,ciało | ciało jako hasło | ciało w kontekście,Ciało tworzy lokalny atraktor sensu.,has_part | inside | contains,0.55,1.396263,0.95,0.35,0.85,0.05,0.9,0.7,0.9,0.2
concept:body,body,embodiment,en,English,body,material form of an organism or carrier of action,organism | form,mind | spirit,body | bodys | body as concept,Body forms a local semantic attractor.,has_part | inside | contains,0.55,1.396263,0.15,0.9,0.15,0.85,0.55,0.85,0.25,0.2
concept:body,body,embodiment,de,German,Körper,materielle Form eines Organismus oder Träger des Handelns,Leib | Organismus,Geist | Seele,Körper | Körper als Begriff | Körper im Kontext,Körper bildet einen lokalen Bedeutungsattraktor.,has_part | inside | contains,0.55,1.396263,0.65,0.55,0.85,0.85,0.4,0.75,0.7,0.25
concept:body,body,embodiment,fr,French,corps,forme matérielle d’un organisme ou porteur d’action,organisme | forme,esprit | âme,corps | corps comme concept | corps en contexte,Corps forme un attracteur sémantique local.,has_part | inside | contains,0.55,1.396263,0.05,0.75,0.75,0.9,0.45,0.8,0.55,0.25
concept:body,body,embodiment,es,Spanish,cuerpo,forma material de un organismo o soporte de acción,organismo | forma,mente | espíritu,cuerpo | cuerpo como concepto | cuerpo en contexto,Cuerpo forma un atractor semántico local.,has_part | inside | contains,0.55,1.396263,0.1,0.6,0.8,0.85,0.75,0.75,0.7,0.25
concept:mind,mind,cognitive,pl,Polish,umysł,"pole myślenia, pamięci, uwagi i interpretacji",świadomość | myśl,ciało | materia,umysł | umysł jako hasło | umysł w kontekście,Umysł tworzy lokalny atraktor sensu.,knows | believes | doubts,0.5938,1.570796,0.95,0.35,0.85,0.05,0.9,0.7,0.9,0.2
concept:mind,mind,cognitive,en,English,mind,"field of thought, memory, attention and interpretation",thought | consciousness,body | matter,mind | minds | mind as concept,Mind forms a local semantic attractor.,knows | believes | doubts,0.5938,1.570796,0.15,0.9,0.15,0.85,0.55,0.85,0.25,0.2
concept:mind,mind,cognitive,de,German,Geist,"Feld von Denken, Erinnerung, Aufmerksamkeit und Interpretation",Bewusstsein | Denken,Körper | Materie,Geist | Geist als Begriff | Geist im Kontext,Geist bildet einen lokalen Bedeutungsattraktor.,knows | believes | doubts,0.5938,1.570796,0.65,0.55,0.85,0.85,0.4,0.75,0.7,0.25
concept:mind,mind,cognitive,fr,French,esprit,"champ de pensée, mémoire, attention et interprétation",pensée | conscience,corps | matière,esprit | esprit comme concept | esprit en contexte,Esprit forme un attracteur sémantique local.,knows | believes | doubts,0.5938,1.570796,0.05,0.75,0.75,0.9,0.45,0.8,0.55,0.25
concept:mind,mind,cognitive,es,Spanish,mente,"campo de pensamiento, memoria, atención e interpretación",pensamiento | conciencia,cuerpo | materia,mente | mente como concepto | mente en contexto,Mente forma un atractor semántico local.,knows | believes | doubts,0.5938,1.570796,0.1,0.6,0.8,0.85,0.75,0.75,0.7,0.25
concept:time,time,spacetime,pl,Polish,czas,"wymiar kolejności, trwania i zmiany",trwanie | moment,bezczas | wieczność,czas | czas jako hasło | czas w kontekście,Czas tworzy lokalny atraktor sensu.,before | after | when,0.6375,1.745329,0.95,0.35,0.85,0.05,0.9,0.7,0.9,0.2
concept:time,time,spacetime,en,English,time,"dimension of sequence, duration and change",duration | moment,timelessness | eternity,time | times | time as concept,Time forms a local semantic attractor.,before | after | when,0.6375,1.745329,0.15,0.9,0.15,0.85,0.55,0.85,0.25,0.2
concept:time,time,spacetime,de,German,Zeit,"Dimension von Reihenfolge, Dauer und Veränderung",Dauer | Moment,Zeitlosigkeit | Ewigkeit,Zeit | Zeit als Begriff | Zeit im Kontext,Zeit bildet einen lokalen Bedeutungsattraktor.,before | after | when,0.6375,1.745329,0.65,0.55,0.85,0.85,0.4,0.75,0.7,0.25
concept:time,time,spacetime,fr,French,temps,"dimension de séquence, durée et changement",durée | moment,intemporalité | éternité,temps | temps comme concept | temps en contexte,Temps forme un attracteur sémantique local.,before | after | when,0.6375,1.745329,0.05,0.75,0.75,0.9,0.45,0.8,0.55,0.25
concept:time,time,spacetime,es,Spanish,tiempo,"dimensión de secuencia, duración y cambio",duración | momento,atemporalidad | eternidad,tiempo | tiempo como concepto | tiempo en contexto,Tiempo forma un atractor semántico local.,before | after | when,0.6375,1.745329,0.1,0.6,0.8,0.85,0.75,0.75,0.7,0.25
concept:space,space,spacetime,pl,Polish,przestrzeń,"pole rozciągłości, położenia i relacji geometrycznych",miejsce | obszar,punkt | brak miejsca,przestrzeń | przestrzeń jako hasło | przestrzeń w kontekście,Przestrzeń tworzy lokalny atraktor sensu.,inside | outside | on | under | through,0.6813,1.919862,0.95,0.35,0.85,0.05,0.9,0.7,0.9,0.2
concept:space,space,spacetime,en,English,space,"field of extension, location and geometric relations",place | area,point | no-space,space | spaces | space as concept,Space forms a local semantic attractor.,inside | outside | on | under | through,0.6813,1.919862,0.15,0.9,0.15,0.85,0.55,0.85,0.25,0.2
concept:space,space,spacetime,de,German,Raum,"Feld von Ausdehnung, Lage und geometrischen Beziehungen",Ort | Bereich,Punkt | Raumlosigkeit,Raum | Raum als Begriff | Raum im Kontext,Raum bildet einen lokalen Bedeutungsattraktor.,inside | outside | on | under | through,0.6813,1.919862,0.65,0.55,0.85,0.85,0.4,0.75,0.7,0.25
concept:space,space,spacetime,fr,French,espace,"champ d’extension, localisation et relations géométriques",lieu | zone,point | absence d’espace,espace | espace comme concept | espace en contexte,Espace forme un attracteur sémantique local.,inside | outside | on | under | through,0.6813,1.919862,0.05,0.75,0.75,0.9,0.45,0.8,0.55,0.25
concept:space,space,spacetime,es,Spanish,espacio,"campo de extensión, ubicación y relaciones geométricas",lugar | área,punto | sin espacio,espacio | espacio como concepto | espacio en contexto,Espacio forma un atractor semántico local.,inside | outside | on | under | through,0.6813,1.919862,0.1,0.6,0.8,0.85,0.75,0.75,0.7,0.25
concept:motion,motion,dynamics,pl,Polish,ruch,"zmiana położenia, stanu lub relacji w czasie",przemieszczenie | zmiana,spoczynek | bezruch,ruch | ruch jako hasło | ruch w kontekście,Ruch tworzy lokalny atraktor sensu.,through | from | to | after,0.725,2.094395,0.95,0.35,0.85,0.05,0.9,0.7,0.9,0.2
concept:motion,motion,dynamics,en,English,motion,"change of position, state or relation over time",movement | change,rest | stillness,motion | motions | motion as concept,Motion forms a local semantic attractor.,through | from | to | after,0.725,2.094395,0.15,0.9,0.15,0.85,0.55,0.85,0.25,0.2
concept:motion,motion,dynamics,de,German,Bewegung,"Veränderung von Lage, Zustand oder Beziehung in der Zeit",Verschiebung | Veränderung,Ruhe | Stillstand,Bewegung | Bewegung als Begriff | Bewegung im Kontext,Bewegung bildet einen lokalen Bedeutungsattraktor.,through | from | to | after,0.725,2.094395,0.65,0.55,0.85,0.85,0.4,0.75,0.7,0.25
concept:motion,motion,dynamics,fr,French,mouvement,"changement de position, état ou relation dans le temps",déplacement | changement,repos | immobilité,mouvement | mouvement comme concept | mouvement en contexte,Mouvement forme un attracteur sémantique local.,through | from | to | after,0.725,2.094395,0.05,0.75,0.75,0.9,0.45,0.8,0.55,0.25
concept:motion,motion,dynamics,es,Spanish,movimiento,"cambio de posición, estado o relación en el tiempo",desplazamiento | cambio,reposo | quietud,movimiento | movimiento como concepto | movimiento en contexto,Movimiento forma un atractor semántico local.,through | from | to | after,0.725,2.094395,0.1,0.6,0.8,0.85,0.75,0.75,0.7,0.25
concept:rest,rest,dynamics,pl,Polish,spoczynek,"stan braku ruchu, pauzy lub względnej stabilności",bezruch | pauza,ruch | zmiana,spoczynek | spoczynek jako hasło | spoczynek w kontekście,Spoczynek tworzy lokalny atraktor sensu.,not | after | before,0.7688,2.268928,0.95,0.35,0.85,0.05,0.9,0.7,0.9,0.2
concept:rest,rest,dynamics,en,English,rest,"state of no motion, pause or relative stability",stillness | pause,motion | change,rest | rests | rest as concept,Rest forms a local semantic attractor.,not | after | before,0.7688,2.268928,0.15,0.9,0.15,0.85,0.55,0.85,0.25,0.2
concept:rest,rest,dynamics,de,German,Ruhe,"Zustand ohne Bewegung, Pause oder relative Stabilität",Stillstand | Pause,Bewegung | Veränderung,Ruhe | Ruhe als Begriff | Ruhe im Kontext,Ruhe bildet einen lokalen Bedeutungsattraktor.,not | after | before,0.7688,2.268928,0.65,0.55,0.85,0.85,0.4,0.75,0.7,0.25
concept:rest,rest,dynamics,fr,French,repos,"état sans mouvement, pause ou stabilité relative",immobilité | pause,mouvement | changement,repos | repos comme concept | repos en contexte,Repos forme un attracteur sémantique local.,not | after | before,0.7688,2.268928,0.05,0.75,0.75,0.9,0.45,0.8,0.55,0.25
concept:rest,rest,dynamics,es,Spanish,reposo,"estado sin movimiento, pausa o estabilidad relativa",quietud | pausa,movimiento | cambio,reposo | reposo como concepto | reposo en contexto,Reposo forma un atractor semántico local.,not | after | before,0.7688,2.268928,0.1,0.6,0.8,0.85,0.75,0.75,0.7,0.25
concept:force,force,physics,pl,Polish,siła,"wpływ powodujący zmianę ruchu, stanu lub struktury",moc | nacisk,słabość | bezsilność,siła | siła jako hasło | siła w kontekście,Siła tworzy lokalny atraktor sensu.,causes | transforms | through,0.8125,2.443461,0.95,0.35,0.85,0.05,0.9,0.7,0.9,0.2
concept:force,force,physics,en,English,force,"influence causing change of motion, state or structure",power | pressure,weakness | powerlessness,force | forces | force as concept,Force forms a local semantic attractor.,causes | transforms | through,0.8125,2.443461,0.15,0.9,0.15,0.85,0.55,0.85,0.25,0.2
concept:force,force,physics,de,German,Kraft,"Einfluss, der Bewegung, Zustand oder Struktur verändert",Macht | Druck,Schwäche | Ohnmacht,Kraft | Kraft als Begriff | Kraft im Kontext,Kraft bildet einen lokalen Bedeutungsattraktor.,causes | transforms | through,0.8125,2.443461,0.65,0.55,0.85,0.85,0.4,0.75,0.7,0.25
concept:force,force,physics,fr,French,force,"influence causant changement de mouvement, état ou structure",puissance | pression,faiblesse | impuissance,force | force comme concept | force en contexte,Force forme un attracteur sémantique local.,causes | transforms | through,0.8125,2.443461,0.05,0.75,0.75,0.9,0.45,0.8,0.55,0.25
concept:force,force,physics,es,Spanish,fuerza,"influencia que cambia movimiento, estado o estructura",potencia | presión,debilidad | impotencia,fuerza | fuerza como concepto | fuerza en contexto,Fuerza forma un atractor semántico local.,causes | transforms | through,0.8125,2.443461,0.1,0.6,0.8,0.85,0.75,0.75,0.7,0.25
concept:energy,energy,physics,pl,Polish,energia,"zdolność do pracy, zmiany i podtrzymania procesu",moc | zasób,wyczerpanie | bezwład,energia | energia jako hasło | energia w kontekście,Energia tworzy lokalny atraktor sensu.,transforms | has_property | causes,0.8562,2.617994,0.95,0.35,0.85,0.05,0.9,0.7,0.9,0.2
concept:energy,energy,physics,en,English,energy,"capacity for work, change and sustaining process",power | capacity,exhaustion | inertia,energy | energys | energy as concept,Energy forms a local semantic attractor.,transforms | has_property | causes,0.8562,2.617994,0.15,0.9,0.15,0.85,0.55,0.85,0.25,0.2
concept:energy,energy,physics,de,German,Energie,"Fähigkeit zu Arbeit, Veränderung und Prozesshaltung",Kraft | Kapazität,Erschöpfung | Trägheit,Energie | Energie als Begriff | Energie im Kontext,Energie bildet einen lokalen Bedeutungsattraktor.,transforms | has_property | causes,0.8562,2.617994,0.65,0.55,0.85,0.85,0.4,0.75,0.7,0.25
concept:energy,energy,physics,fr,French,énergie,"capacité de travail, changement et maintien de processus",puissance | capacité,épuisement | inertie,énergie | énergie comme concept | énergie en contexte,Énergie forme un attracteur sémantique local.,transforms | has_property | causes,0.8562,2.617994,0.05,0.75,0.75,0.9,0.45,0.8,0.55,0.25
concept:energy,energy,physics,es,Spanish,energía,"capacidad de trabajo, cambio y sostén de proceso",potencia | capacidad,agotamiento | inercia,energía | energía como concepto | energía en contexto,Energía forma un atractor semántico local.,transforms | has_property | causes,0.8562,2.617994,0.1,0.6,0.8,0.85,0.75,0.75,0.7,0.25
concept:matter,matter,physics,pl,Polish,materia,"substancjalny nośnik masy, struktury i przemiany",substancja | tworzywo,pustka | informacja,materia | materia jako hasło | materia w kontekście,Materia tworzy lokalny atraktor sensu.,contains | has_property | transforms,0.9,2.792527,0.95,0.35,0.85,0.05,0.9,0.7,0.9,0.2
concept:matter,matter,physics,en,English,matter,"substantial carrier of mass, structure and transformation",substance | material,void | information,matter | matters | matter as concept,Matter forms a local semantic attractor.,contains | has_property | transforms,0.9,2.792527,0.15,0.9,0.15,0.85,0.55,0.85,0.25,0.2
concept:matter,matter,physics,de,German,Materie,"substantieller Träger von Masse, Struktur und Verwandlung",Substanz | Stoff,Leere | Information,Materie | Materie als Begriff | Materie im Kontext,Materie bildet einen lokalen Bedeutungsattraktor.,contains | has_property | transforms,0.9,2.792527,0.65,0.55,0.85,0.85,0.4,0.75,0.7,0.25
concept:matter,matter,physics,fr,French,matière,"support substantiel de masse, structure et transformation",substance | matériau,vide | information,matière | matière comme concept | matière en contexte,Matière forme un attracteur sémantique local.,contains | has_property | transforms,0.9,2.792527,0.05,0.75,0.75,0.9,0.45,0.8,0.55,0.25
concept:matter,matter,physics,es,Spanish,materia,"soporte sustancial de masa, estructura y transformación",sustancia | material,vacío | información,materia | materia como concepto | materia en contexto,Materia forma un atractor semántico local.,contains | has_property | transforms,0.9,2.792527,0.1,0.6,0.8,0.85,0.75,0.75,0.7,0.25
concept:information,information,informational,pl,Polish,informacja,"różnica, wzorzec lub sygnał zdolny zmienić stan systemu",dane | wiadomość,szum | niewiedza,informacja | informacja jako hasło | informacja w kontekście,Informacja tworzy lokalny atraktor sensu.,means | contains | reveals,0.55,2.96706,0.95,0.35,0.85,0.05,0.9,0.7,0.9,0.2
concept:information,information,informational,en,English,information,"difference, pattern or signal able to change a system state",data | message,noise | ignorance,information | information | information as concept,Information forms a local semantic attractor.,means | contains | reveals,0.55,2.96706,0.15,0.9,0.15,0.85,0.55,0.85,0.25,0.2
concept:information,information,informational,de,German,Information,"Unterschied, Muster oder Signal, das Systemzustand ändern kann",Daten | Nachricht,Rauschen | Unwissen,Information | Information als Begriff | Information im Kontext,Information bildet einen lokalen Bedeutungsattraktor.,means | contains | reveals,0.55,2.96706,0.65,0.55,0.85,0.85,0.4,0.75,0.7,0.25
concept:information,information,informational,fr,French,information,"différence, motif ou signal capable de changer un état de système",données | message,bruit | ignorance,information | information comme concept | information en contexte,Information forme un attracteur sémantique local.,means | contains | reveals,0.55,2.96706,0.05,0.75,0.75,0.9,0.45,0.8,0.55,0.25
concept:information,information,informational,es,Spanish,información,"diferencia, patrón o señal capaz de cambiar un estado del sistema",datos | mensaje,ruido | ignorancia,información | información como concepto | información en contexto,Información forma un atractor semántico local.,means | contains | reveals,0.55,2.96706,0.1,0.6,0.8,0.85,0.75,0.75,0.7,0.25
concept:truth,truth,epistemic,pl,Polish,prawda,"stan zgodności twierdzenia z rzeczywistością, dowodem lub koherencją",fakt | zgodność,kłamstwo | fałsz,prawda | prawda jako hasło | prawda w kontekście,Prawda tworzy lokalny atraktor sensu.,is | knows | proves,0.5938,3.141593,0.95,0.35,0.85,0.05,0.9,0.7,0.9,0.2
concept:truth,truth,epistemic,en,English,truth,"state of agreement with reality, proof or coherence",fact | validity,lie | falsehood,truth | truth | truth as concept,Truth forms a local semantic attractor.,is | knows | proves,0.5938,3.141593,0.15,0.9,0.15,0.85,0.55,0.85,0.25,0.2
concept:truth,truth,epistemic,de,German,Wahrheit,"Zustand der Übereinstimmung mit Wirklichkeit, Beweis oder Kohärenz",Fakt | Gültigkeit,Lüge | Falschheit,Wahrheit | Wahrheit als Begriff | Wahrheit im Kontext,Wahrheit bildet einen lokalen Bedeutungsattraktor.,is | knows | proves,0.5938,3.141593,0.65,0.55,0.85,0.85,0.4,0.75,0.7,0.25
concept:truth,truth,epistemic,fr,French,vérité,"état d’accord avec réalité, preuve ou cohérence",fait | validité,mensonge | fausseté,vérité | vérité comme concept | vérité en contexte,Vérité forme un attracteur sémantique local.,is | knows | proves,0.5938,3.141593,0.05,0.75,0.75,0.9,0.45,0.8,0.55,0.25
concept:truth,truth,epistemic,es,Spanish,verdad,"estado de acuerdo con realidad, prueba o coherencia",hecho | validez,mentira | falsedad,verdad | verdad como concepto | verdad en contexto,Verdad forma un atractor semántico local.,is | knows | proves,0.5938,3.141593,0.1,0.6,0.8,0.85,0.75,0.75,0.7,0.25
concept:lie,lie,epistemic,pl,Polish,kłamstwo,świadome lub skutkowe oddalenie komunikatu od prawdy,fałsz | oszustwo,prawda | szczerość,kłamstwo | kłamstwo jako hasło | kłamstwo w kontekście,Kłamstwo tworzy lokalny atraktor sensu.,not | hides | deceives,0.6375,3.316126,0.95,0.35,0.85,0.05,0.9,0.7,0.9,0.2
concept:lie,lie,epistemic,en,English,lie,intentional or effective separation of a message from truth,falsehood | deception,truth | honesty,lie | lies | lie as concept,Lie forms a local semantic attractor.,not | hides | deceives,0.6375,3.316126,0.15,0.9,0.15,0.85,0.55,0.85,0.25,0.2
concept:lie,lie,epistemic,de,German,Lüge,absichtliche oder wirksame Entfernung einer Nachricht von Wahrheit,Falschheit | Täuschung,Wahrheit | Ehrlichkeit,Lüge | Lüge als Begriff | Lüge im Kontext,Lüge bildet einen lokalen Bedeutungsattraktor.,not | hides | deceives,0.6375,3.316126,0.65,0.55,0.85,0.85,0.4,0.75,0.7,0.25
concept:lie,lie,epistemic,fr,French,mensonge,séparation intentionnelle ou effective d’un message de la vérité,fausseté | tromperie,vérité | honnêteté,mensonge | mensonge comme concept | mensonge en contexte,Mensonge forme un attracteur sémantique local.,not | hides | deceives,0.6375,3.316126,0.05,0.75,0.75,0.9,0.45,0.8,0.55,0.25
concept:lie,lie,epistemic,es,Spanish,mentira,separación intencional o efectiva de un mensaje de la verdad,falsedad | engaño,verdad | honestidad,mentira | mentira como concepto | mentira en contexto,Mentira forma un atractor semántico local.,not | hides | deceives,0.6375,3.316126,0.1,0.6,0.8,0.85,0.75,0.75,0.7,0.25
concept:good,good,ethical,pl,Polish,dobro,"wartość sprzyjająca życiu, spójności, trosce lub naprawie",korzyść | słuszność,zło | krzywda,dobro | dobro jako hasło | dobro w kontekście,Dobro tworzy lokalny atraktor sensu.,supports | with | because,0.6813,3.490659,0.95,0.35,0.85,0.05,0.9,0.7,0.9,0.2
concept:good,good,ethical,en,English,good,"value supporting life, coherence, care or repair",benefit | rightness,evil | harm,good | goods | good as concept,Good forms a local semantic attractor.,supports | with | because,0.6813,3.490659,0.15,0.9,0.15,0.85,0.55,0.85,0.25,0.2
concept:good,good,ethical,de,German,Gut,"Wert, der Leben, Kohärenz, Sorge oder Reparatur stützt",Nutzen | Richtigkeit,Böse | Schaden,Gut | Gut als Begriff | Gut im Kontext,Gut bildet einen lokalen Bedeutungsattraktor.,supports | with | because,0.6813,3.490659,0.65,0.55,0.85,0.85,0.4,0.75,0.7,0.25
concept:good,good,ethical,fr,French,bien,"valeur soutenant vie, cohérence, soin ou réparation",bénéfice | justesse,mal | dommage,bien | bien comme concept | bien en contexte,Bien forme un attracteur sémantique local.,supports | with | because,0.6813,3.490659,0.05,0.75,0.75,0.9,0.45,0.8,0.55,0.25
concept:good,good,ethical,es,Spanish,bien,"valor que apoya vida, coherencia, cuidado o reparación",beneficio | rectitud,mal | daño,bien | bien como concepto | bien en contexto,Bien forma un atractor semántico local.,supports | with | because,0.6813,3.490659,0.1,0.6,0.8,0.85,0.75,0.75,0.7,0.25
concept:harm,harm,ethical,pl,Polish,krzywda,"uszkodzenie, strata lub naruszenie dobra podmiotu",szkoda | rana,dobro | opieka,krzywda | krzywda jako hasło | krzywda w kontekście,Krzywda tworzy lokalny atraktor sensu.,harms | without | causes,0.725,3.665191,0.95,0.35,0.85,0.05,0.9,0.7,0.9,0.2
concept:harm,harm,ethical,en,English,harm,"damage, loss or violation of a subject’s good",damage | injury,good | care,harm | harms | harm as concept,Harm forms a local semantic attractor.,harms | without | causes,0.725,3.665191,0.15,0.9,0.15,0.85,0.55,0.85,0.25,0.2
concept:harm,harm,ethical,de,German,Schaden,"Beschädigung, Verlust oder Verletzung eines Wohls",Verletzung | Nachteil,Gut | Fürsorge,Schaden | Schaden als Begriff | Schaden im Kontext,Schaden bildet einen lokalen Bedeutungsattraktor.,harms | without | causes,0.725,3.665191,0.65,0.55,0.85,0.85,0.4,0.75,0.7,0.25
concept:harm,harm,ethical,fr,French,dommage,"dommage, perte ou violation du bien d’un sujet",préjudice | blessure,bien | soin,dommage | dommage comme concept | dommage en contexte,Dommage forme un attracteur sémantique local.,harms | without | causes,0.725,3.665191,0.05,0.75,0.75,0.9,0.45,0.8,0.55,0.25
concept:harm,harm,ethical,es,Spanish,daño,"daño, pérdida o violación del bien de un sujeto",perjuicio | lesión,bien | cuidado,daño | daño como concepto | daño en contexto,Daño forma un atractor semántico local.,harms | without | causes,0.725,3.665191,0.1,0.6,0.8,0.85,0.75,0.75,0.7,0.25
concept:order,order,structure,pl,Polish,porządek,"stabilny układ relacji, reguł i wzorców",ład | układ,chaos | nieład,porządek | porządek jako hasło | porządek w kontekście,Porządek tworzy lokalny atraktor sensu.,arranges | contains | because,0.7688,3.839724,0.95,0.35,0.85,0.05,0.9,0.7,0.9,0.2
concept:order,order,structure,en,English,order,"stable arrangement of relations, rules and patterns",structure | arrangement,chaos | disorder,order | orders | order as concept,Order forms a local semantic attractor.,arranges | contains | because,0.7688,3.839724,0.15,0.9,0.15,0.85,0.55,0.85,0.25,0.2
concept:order,order,structure,de,German,Ordnung,"stabile Anordnung von Beziehungen, Regeln und Mustern",Struktur | Anordnung,Chaos | Unordnung,Ordnung | Ordnung als Begriff | Ordnung im Kontext,Ordnung bildet einen lokalen Bedeutungsattraktor.,arranges | contains | because,0.7688,3.839724,0.65,0.55,0.85,0.85,0.4,0.75,0.7,0.25
concept:order,order,structure,fr,French,ordre,"agencement stable de relations, règles et motifs",structure | agencement,chaos | désordre,ordre | ordre comme concept | ordre en contexte,Ordre forme un attracteur sémantique local.,arranges | contains | because,0.7688,3.839724,0.05,0.75,0.75,0.9,0.45,0.8,0.55,0.25
concept:order,order,structure,es,Spanish,orden,"disposición estable de relaciones, reglas y patrones",estructura | arreglo,caos | desorden,orden | orden como concepto | orden en contexto,Orden forma un atractor semántico local.,arranges | contains | because,0.7688,3.839724,0.1,0.6,0.8,0.85,0.75,0.75,0.7,0.25
concept:chaos,chaos,structure,pl,Polish,chaos,"wysoka nieuporządkowaność, zmienność lub brak stabilnych relacji",nieład | zamęt,porządek | ład,chaos | chaos jako hasło | chaos w kontekście,Chaos tworzy lokalny atraktor sensu.,not | disrupts | through,0.8125,4.014257,0.95,0.35,0.85,0.05,0.9,0.7,0.9,0.2
concept:chaos,chaos,structure,en,English,chaos,"high disorder, variance or lack of stable relations",disorder | confusion,order | structure,chaos | chaoss | chaos as concept,Chaos forms a local semantic attractor.,not | disrupts | through,0.8125,4.014257,0.15,0.9,0.15,0.85,0.55,0.85,0.25,0.2
concept:chaos,chaos,structure,de,German,Chaos,"hohe Unordnung, Varianz oder Mangel stabiler Beziehungen",Unordnung | Wirrwarr,Ordnung | Struktur,Chaos | Chaos als Begriff | Chaos im Kontext,Chaos bildet einen lokalen Bedeutungsattraktor.,not | disrupts | through,0.8125,4.014257,0.65,0.55,0.85,0.85,0.4,0.75,0.7,0.25
concept:chaos,chaos,structure,fr,French,chaos,"fort désordre, variance ou manque de relations stables",désordre | confusion,ordre | structure,chaos | chaos comme concept | chaos en contexte,Chaos forme un attracteur sémantique local.,not | disrupts | through,0.8125,4.014257,0.05,0.75,0.75,0.9,0.45,0.8,0.55,0.25
concept:chaos,chaos,structure,es,Spanish,caos,"alto desorden, variación o falta de relaciones estables",desorden | confusión,orden | estructura,caos | caos como concepto | caos en contexto,Caos forma un atractor semántico local.,not | disrupts | through,0.8125,4.014257,0.1,0.6,0.8,0.85,0.75,0.75,0.7,0.25
concept:center,center,geometry,pl,Polish,centrum,"punkt odniesienia, środek lub lokalny atraktor układu",środek | rdzeń,brzeg | peryferia,centrum | centrum jako hasło | centrum w kontekście,Centrum tworzy lokalny atraktor sensu.,inside | around | to,0.8562,4.18879,0.95,0.35,0.85,0.05,0.9,0.7,0.9,0.2
concept:center,center,geometry,en,English,center,"reference point, middle or local attractor of a system",middle | core,edge | periphery,center | centers | center as concept,Center forms a local semantic attractor.,inside | around | to,0.8562,4.18879,0.15,0.9,0.15,0.85,0.55,0.85,0.25,0.2
concept:center,center,geometry,de,German,Zentrum,"Bezugspunkt, Mitte oder lokaler Attraktor eines Systems",Mitte | Kern,Rand | Peripherie,Zentrum | Zentrum als Begriff | Zentrum im Kontext,Zentrum bildet einen lokalen Bedeutungsattraktor.,inside | around | to,0.8562,4.18879,0.65,0.55,0.85,0.85,0.4,0.75,0.7,0.25
concept:center,center,geometry,fr,French,centre,"point de référence, milieu ou attracteur local d’un système",milieu | noyau,bord | périphérie,centre | centre comme concept | centre en contexte,Centre forme un attracteur sémantique local.,inside | around | to,0.8562,4.18879,0.05,0.75,0.75,0.9,0.45,0.8,0.55,0.25
concept:center,center,geometry,es,Spanish,centro,"punto de referencia, medio o atractor local de un sistema",medio | núcleo,borde | periferia,centro | centro como concepto | centro en contexto,Centro forma un atractor semántico local.,inside | around | to,0.8562,4.18879,0.1,0.6,0.8,0.85,0.75,0.75,0.7,0.25
concept:boundary,boundary,geometry,pl,Polish,granica,linia lub warunek oddzielający wnętrze od zewnętrza,brzeg | limit,centrum | ciągłość,granica | granica jako hasło | granica w kontekście,Granica tworzy lokalny atraktor sensu.,inside | outside | contains,0.9,4.363323,0.95,0.35,0.85,0.05,0.9,0.7,0.9,0.2
concept:boundary,boundary,geometry,en,English,boundary,line or condition separating inside from outside,edge | limit,center | continuity,boundary | boundarys | boundary as concept,Boundary forms a local semantic attractor.,inside | outside | contains,0.9,4.363323,0.15,0.9,0.15,0.85,0.55,0.85,0.25,0.2
concept:boundary,boundary,geometry,de,German,Grenze,"Linie oder Bedingung, die Innen von Außen trennt",Rand | Limit,Zentrum | Kontinuität,Grenze | Grenze als Begriff | Grenze im Kontext,Grenze bildet einen lokalen Bedeutungsattraktor.,inside | outside | contains,0.9,4.363323,0.65,0.55,0.85,0.85,0.4,0.75,0.7,0.25
concept:boundary,boundary,geometry,fr,French,limite,ligne ou condition séparant intérieur et extérieur,bord | frontière,centre | continuité,limite | limite comme concept | limite en contexte,Limite forme un attracteur sémantique local.,inside | outside | contains,0.9,4.363323,0.05,0.75,0.75,0.9,0.45,0.8,0.55,0.25
concept:boundary,boundary,geometry,es,Spanish,límite,línea o condición que separa interior y exterior,borde | frontera,centro | continuidad,límite | límite como concepto | límite en contexto,Límite forma un atractor semántico local.,inside | outside | contains,0.9,4.363323,0.1,0.6,0.8,0.85,0.75,0.75,0.7,0.25
concept:self,self,relational,pl,Polish,ja,"perspektywa podmiotu, własna tożsamość i punkt odniesienia",siebie | podmiot,inny | obcy,ja | ja jako hasło | ja w kontekście,Ja tworzy lokalny atraktor sensu.,is | has | knows,0.55,4.537856,0.95,0.35,0.85,0.05,0.9,0.7,0.9,0.2
concept:self,self,relational,en,English,self,"subject perspective, own identity and reference point",identity | subject,other | stranger,self | selfs | self as concept,Self forms a local semantic attractor.,is | has | knows,0.55,4.537856,0.15,0.9,0.15,0.85,0.55,0.85,0.25,0.2
concept:self,self,relational,de,German,Selbst,"Subjektperspektive, eigene Identität und Bezugspunkt",Ich | Subjekt,Andere | Fremde,Selbst | Selbst als Begriff | Selbst im Kontext,Selbst bildet einen lokalen Bedeutungsattraktor.,is | has | knows,0.55,4.537856,0.65,0.55,0.85,0.85,0.4,0.75,0.7,0.25
concept:self,self,relational,fr,French,soi,"perspective du sujet, identité propre et point de référence",moi | sujet,autre | étranger,soi | soi comme concept | soi en contexte,Soi forme un attracteur sémantique local.,is | has | knows,0.55,4.537856,0.05,0.75,0.75,0.9,0.45,0.8,0.55,0.25
concept:self,self,relational,es,Spanish,yo,"perspectiva del sujeto, identidad propia y punto de referencia",sí mismo | sujeto,otro | extraño,yo | yo como concepto | yo en contexto,Yo forma un atractor semántico local.,is | has | knows,0.55,4.537856,0.1,0.6,0.8,0.85,0.75,0.75,0.7,0.25
concept:other,other,relational,pl,Polish,inny,podmiot lub obiekt odróżniony od ja,drugi | obcy,ja | swoje,inny | inny jako hasło | inny w kontekście,Inny tworzy lokalny atraktor sensu.,with | without | relation,0.5938,4.712389,0.95,0.35,0.85,0.05,0.9,0.7,0.9,0.2
concept:other,other,relational,en,English,other,subject or object distinguished from self,another | else,self | same,other | others | other as concept,Other forms a local semantic attractor.,with | without | relation,0.5938,4.712389,0.15,0.9,0.15,0.85,0.55,0.85,0.25,0.2
concept:other,other,relational,de,German,Andere,"Subjekt oder Objekt, das vom Selbst unterschieden ist",Anderer | Fremder,Selbst | Gleiches,Andere | Andere als Begriff | Andere im Kontext,Andere bildet einen lokalen Bedeutungsattraktor.,with | without | relation,0.5938,4.712389,0.65,0.55,0.85,0.85,0.4,0.75,0.7,0.25
concept:other,other,relational,fr,French,autre,sujet ou objet distingué du soi,autrui | différent,soi | même,autre | autre comme concept | autre en contexte,Autre forme un attracteur sémantique local.,with | without | relation,0.5938,4.712389,0.05,0.75,0.75,0.9,0.45,0.8,0.55,0.25
concept:other,other,relational,es,Spanish,otro,sujeto u objeto distinguido del yo,ajeno | distinto,yo | mismo,otro | otro como concepto | otro en contexto,Otro forma un atractor semántico local.,with | without | relation,0.5938,4.712389,0.1,0.6,0.8,0.85,0.75,0.75,0.7,0.25
concept:relation,relation,relational,pl,Polish,relacja,"wiązanie, zależność lub mapowanie między obiektami",związek | więź,separacja | izolacja,relacja | relacja jako hasło | relacja w kontekście,Relacja tworzy lokalny atraktor sensu.,with | between | maps,0.6375,4.886922,0.95,0.35,0.85,0.05,0.9,0.7,0.9,0.2
concept:relation,relation,relational,en,English,relation,"bond, dependency or mapping between objects",connection | bond,separation | isolation,relation | relations | relation as concept,Relation forms a local semantic attractor.,with | between | maps,0.6375,4.886922,0.15,0.9,0.15,0.85,0.55,0.85,0.25,0.2
concept:relation,relation,relational,de,German,Beziehung,"Bindung, Abhängigkeit oder Abbildung zwischen Objekten",Verbindung | Bindung,Trennung | Isolation,Beziehung | Beziehung als Begriff | Beziehung im Kontext,Beziehung bildet einen lokalen Bedeutungsattraktor.,with | between | maps,0.6375,4.886922,0.65,0.55,0.85,0.85,0.4,0.75,0.7,0.25
concept:relation,relation,relational,fr,French,relation,"lien, dépendance ou application entre objets",connexion | lien,séparation | isolement,relation | relation comme concept | relation en contexte,Relation forme un attracteur sémantique local.,with | between | maps,0.6375,4.886922,0.05,0.75,0.75,0.9,0.45,0.8,0.55,0.25
concept:relation,relation,relational,es,Spanish,relación,"vínculo, dependencia o mapeo entre objetos",conexión | vínculo,separación | aislamiento,relación | relación como concepto | relación en contexto,Relación forma un atractor semántico local.,with | between | maps,0.6375,4.886922,0.1,0.6,0.8,0.85,0.75,0.75,0.7,0.25
concept:memory,memory,cognitive,pl,Polish,pamięć,"utrwalenie śladów, relacji i stanów w czasie",wspomnienie | zapis,zapomnienie | amnezja,pamięć | pamięć jako hasło | pamięć w kontekście,Pamięć tworzy lokalny atraktor sensu.,after | contains | has_state,0.6813,5.061455,0.95,0.35,0.85,0.05,0.9,0.7,0.9,0.2
concept:memory,memory,cognitive,en,English,memory,"persistence of traces, relations and states over time",recollection | record,forgetting | amnesia,memory | memorys | memory as concept,Memory forms a local semantic attractor.,after | contains | has_state,0.6813,5.061455,0.15,0.9,0.15,0.85,0.55,0.85,0.25,0.2
concept:memory,memory,cognitive,de,German,Gedächtnis,"Fortbestehen von Spuren, Beziehungen und Zuständen in der Zeit",Erinnerung | Aufzeichnung,Vergessen | Amnesie,Gedächtnis | Gedächtnis als Begriff | Gedächtnis im Kontext,Gedächtnis bildet einen lokalen Bedeutungsattraktor.,after | contains | has_state,0.6813,5.061455,0.65,0.55,0.85,0.85,0.4,0.75,0.7,0.25
concept:memory,memory,cognitive,fr,French,mémoire,"persistance de traces, relations et états dans le temps",souvenir | trace,oubli | amnésie,mémoire | mémoire comme concept | mémoire en contexte,Mémoire forme un attracteur sémantique local.,after | contains | has_state,0.6813,5.061455,0.05,0.75,0.75,0.9,0.45,0.8,0.55,0.25
concept:memory,memory,cognitive,es,Spanish,memoria,"persistencia de rastros, relaciones y estados en el tiempo",recuerdo | registro,olvido | amnesia,memoria | memoria como concepto | memoria en contexto,Memoria forma un atractor semántico local.,after | contains | has_state,0.6813,5.061455,0.1,0.6,0.8,0.85,0.75,0.75,0.7,0.25
concept:love,love,affective,pl,Polish,miłość,"silna więź troski, przywiązania i ukierunkowania na dobro",uczucie | przywiązanie,nienawiść | obojętność,miłość | miłość jako hasło | miłość w kontekście,Miłość tworzy lokalny atraktor sensu.,with | cares_for | supports,0.725,5.235988,0.95,0.35,0.85,0.05,0.9,0.7,0.9,0.2
concept:love,love,affective,en,English,love,"strong bond of care, attachment and orientation toward good",affection | attachment,hate | indifference,love | loves | love as concept,Love forms a local semantic attractor.,with | cares_for | supports,0.725,5.235988,0.15,0.9,0.15,0.85,0.55,0.85,0.25,0.2
concept:love,love,affective,de,German,Liebe,"starke Bindung von Fürsorge, Anhänglichkeit und Orientierung zum Guten",Zuneigung | Bindung,Hass | Gleichgültigkeit,Liebe | Liebe als Begriff | Liebe im Kontext,Liebe bildet einen lokalen Bedeutungsattraktor.,with | cares_for | supports,0.725,5.235988,0.65,0.55,0.85,0.85,0.4,0.75,0.7,0.25
concept:love,love,affective,fr,French,amour,"lien fort de soin, attachement et orientation vers le bien",affection | attachement,haine | indifférence,amour | amour comme concept | amour en contexte,Amour forme un attracteur sémantique local.,with | cares_for | supports,0.725,5.235988,0.05,0.75,0.75,0.9,0.45,0.8,0.55,0.25
concept:love,love,affective,es,Spanish,amor,"vínculo fuerte de cuidado, apego y orientación hacia el bien",afecto | apego,odio | indiferencia,amor | amor como concepto | amor en contexto,Amor forma un atractor semántico local.,with | cares_for | supports,0.725,5.235988,0.1,0.6,0.8,0.85,0.75,0.75,0.7,0.25
concept:fear,fear,affective,pl,Polish,strach,"reakcja na zagrożenie, ryzyko lub niepewność szkody",lęk | obawa,odwaga | zaufanie,strach | strach jako hasło | strach w kontekście,Strach tworzy lokalny atraktor sensu.,avoids | because | not,0.7688,5.410521,0.95,0.35,0.85,0.05,0.9,0.7,0.9,0.2
concept:fear,fear,affective,en,English,fear,"response to threat, risk or uncertainty of harm",anxiety | worry,courage | trust,fear | fears | fear as concept,Fear forms a local semantic attractor.,avoids | because | not,0.7688,5.410521,0.15,0.9,0.15,0.85,0.55,0.85,0.25,0.2
concept:fear,fear,affective,de,German,Angst,"Reaktion auf Bedrohung, Risiko oder Unsicherheit von Schaden",Furcht | Sorge,Mut | Vertrauen,Angst | Angst als Begriff | Angst im Kontext,Angst bildet einen lokalen Bedeutungsattraktor.,avoids | because | not,0.7688,5.410521,0.65,0.55,0.85,0.85,0.4,0.75,0.7,0.25
concept:fear,fear,affective,fr,French,peur,"réponse à menace, risque ou incertitude de dommage",crainte | angoisse,courage | confiance,peur | peur comme concept | peur en contexte,Peur forme un attracteur sémantique local.,avoids | because | not,0.7688,5.410521,0.05,0.75,0.75,0.9,0.45,0.8,0.55,0.25
concept:fear,fear,affective,es,Spanish,miedo,"respuesta a amenaza, riesgo o incertidumbre de daño",temor | ansiedad,valor | confianza,miedo | miedo como concepto | miedo en contexto,Miedo forma un atractor semántico local.,avoids | because | not,0.7688,5.410521,0.1,0.6,0.8,0.85,0.75,0.75,0.7,0.25
concept:trust,trust,affective_social,pl,Polish,zaufanie,"stabilna gotowość do polegania na relacji, osobie lub systemie",ufność | wiara,nieufność | podejrzenie,zaufanie | zaufanie jako hasło | zaufanie w kontekście,Zaufanie tworzy lokalny atraktor sensu.,believes | with | supports,0.8125,5.585054,0.95,0.35,0.85,0.05,0.9,0.7,0.9,0.2
concept:trust,trust,affective_social,en,English,trust,"stable readiness to rely on a relation, person or system",confidence | reliance,distrust | suspicion,trust | trusts | trust as concept,Trust forms a local semantic attractor.,believes | with | supports,0.8125,5.585054,0.15,0.9,0.15,0.85,0.55,0.85,0.25,0.2
concept:trust,trust,affective_social,de,German,Vertrauen,"stabile Bereitschaft, sich auf Beziehung, Person oder System zu verlassen",Zuversicht | Verlässlichkeit,Misstrauen | Verdacht,Vertrauen | Vertrauen als Begriff | Vertrauen im Kontext,Vertrauen bildet einen lokalen Bedeutungsattraktor.,believes | with | supports,0.8125,5.585054,0.65,0.55,0.85,0.85,0.4,0.75,0.7,0.25
concept:trust,trust,affective_social,fr,French,confiance,"disposition stable à se fier à relation, personne ou système",assurance | fiance,méfiance | soupçon,confiance | confiance comme concept | confiance en contexte,Confiance forme un attracteur sémantique local.,believes | with | supports,0.8125,5.585054,0.05,0.75,0.75,0.9,0.45,0.8,0.55,0.25
concept:trust,trust,affective_social,es,Spanish,confianza,"disposición estable a confiar en relación, persona o sistema",seguridad | fiabilidad,desconfianza | sospecha,confianza | confianza como concepto | confianza en contexto,Confianza forma un atractor semántico local.,believes | with | supports,0.8125,5.585054,0.1,0.6,0.8,0.85,0.75,0.75,0.7,0.25
concept:pain,pain,affective_body,pl,Polish,ból,"sygnał cierpienia, uszkodzenia lub naruszenia stanu",cierpienie | rana,ulga | przyjemność,ból | ból jako hasło | ból w kontekście,Ból tworzy lokalny atraktor sensu.,has_state | caused_by | inside,0.8562,5.759587,0.95,0.35,0.85,0.05,0.9,0.7,0.9,0.2
concept:pain,pain,affective_body,en,English,pain,"signal of suffering, damage or disturbed state",suffering | ache,relief | pleasure,pain | pains | pain as concept,Pain forms a local semantic attractor.,has_state | caused_by | inside,0.8562,5.759587,0.15,0.9,0.15,0.85,0.55,0.85,0.25,0.2
concept:pain,pain,affective_body,de,German,Schmerz,"Signal von Leiden, Schaden oder gestörtem Zustand",Leiden | Weh,Erleichterung | Freude,Schmerz | Schmerz als Begriff | Schmerz im Kontext,Schmerz bildet einen lokalen Bedeutungsattraktor.,has_state | caused_by | inside,0.8562,5.759587,0.65,0.55,0.85,0.85,0.4,0.75,0.7,0.25
concept:pain,pain,affective_body,fr,French,douleur,"signal de souffrance, dommage ou état perturbé",souffrance | mal,soulagement | plaisir,douleur | douleur comme concept | douleur en contexte,Douleur forme un attracteur sémantique local.,has_state | caused_by | inside,0.8562,5.759587,0.05,0.75,0.75,0.9,0.45,0.8,0.55,0.25
concept:pain,pain,affective_body,es,Spanish,dolor,"señal de sufrimiento, daño o estado alterado",sufrimiento | dolencia,alivio | placer,dolor | dolor como concepto | dolor en contexto,Dolor forma un atractor semántico local.,has_state | caused_by | inside,0.8562,5.759587,0.1,0.6,0.8,0.85,0.75,0.75,0.7,0.25
concept:knowledge,knowledge,epistemic,pl,Polish,wiedza,uzasadniona informacja zintegrowana w model rozumienia,poznanie | rozumienie,niewiedza | błąd,wiedza | wiedza jako hasło | wiedza w kontekście,Wiedza tworzy lokalny atraktor sensu.,knows | proves | because,0.9,5.934119,0.95,0.35,0.85,0.05,0.9,0.7,0.9,0.2
concept:knowledge,knowledge,epistemic,en,English,knowledge,justified information integrated into a model of understanding,understanding | cognition,ignorance | error,knowledge | knowledge | knowledge as concept,Knowledge forms a local semantic attractor.,knows | proves | because,0.9,5.934119,0.15,0.9,0.15,0.85,0.55,0.85,0.25,0.2
concept:knowledge,knowledge,epistemic,de,German,Wissen,"begründete Information, integriert in ein Verstehensmodell",Verständnis | Erkenntnis,Unwissen | Fehler,Wissen | Wissen als Begriff | Wissen im Kontext,Wissen bildet einen lokalen Bedeutungsattraktor.,knows | proves | because,0.9,5.934119,0.65,0.55,0.85,0.85,0.4,0.75,0.7,0.25
concept:knowledge,knowledge,epistemic,fr,French,connaissance,information justifiée intégrée dans un modèle de compréhension,savoir | compréhension,ignorance | erreur,connaissance | connaissance comme concept | connaissance en contexte,Connaissance forme un attracteur sémantique local.,knows | proves | because,0.9,5.934119,0.05,0.75,0.75,0.9,0.45,0.8,0.55,0.25
concept:knowledge,knowledge,epistemic,es,Spanish,conocimiento,información justificada integrada en un modelo de comprensión,saber | comprensión,ignorancia | error,conocimiento | conocimiento como concepto | conocimiento en contexto,Conocimiento forma un atractor semántico local.,knows | proves | because,0.9,5.934119,0.1,0.6,0.8,0.85,0.75,0.75,0.7,0.25
concept:error,error,epistemic,pl,Polish,błąd,"rozjazd między stanem, opisem, celem lub regułą",pomyłka | usterka,poprawność | prawda,błąd | błąd jako hasło | błąd w kontekście,Błąd tworzy lokalny atraktor sensu.,not | contradicts | repairs,0.55,6.108652,0.95,0.35,0.85,0.05,0.9,0.7,0.9,0.2
concept:error,error,epistemic,en,English,error,"mismatch between state, description, goal or rule",mistake | fault,correctness | truth,error | errors | error as concept,Error forms a local semantic attractor.,not | contradicts | repairs,0.55,6.108652,0.15,0.9,0.15,0.85,0.55,0.85,0.25,0.2
concept:error,error,epistemic,de,German,Fehler,"Nichtübereinstimmung zwischen Zustand, Beschreibung, Ziel oder Regel",Irrtum | Mangel,Richtigkeit | Wahrheit,Fehler | Fehler als Begriff | Fehler im Kontext,Fehler bildet einen lokalen Bedeutungsattraktor.,not | contradicts | repairs,0.55,6.108652,0.65,0.55,0.85,0.85,0.4,0.75,0.7,0.25
concept:error,error,epistemic,fr,French,erreur,"écart entre état, description, but ou règle",faute | défaut,exactitude | vérité,erreur | erreur comme concept | erreur en contexte,Erreur forme un attracteur sémantique local.,not | contradicts | repairs,0.55,6.108652,0.05,0.75,0.75,0.9,0.45,0.8,0.55,0.25
concept:error,error,epistemic,es,Spanish,error,"desajuste entre estado, descripción, objetivo o regla",equivocación | falla,corrección | verdad,error | error como concepto | error en contexto,Error forma un atractor semántico local.,not | contradicts | repairs,0.55,6.108652,0.1,0.6,0.8,0.85,0.75,0.75,0.7,0.25
